<?xml version="1.0" encoding="UTF-8"?>
<metadata xml:lang="en"><Esri><CreaDate>20231026</CreaDate><CreaTime>09262300</CreaTime><ArcGISFormat>1.0</ArcGISFormat><SyncOnce>FALSE</SyncOnce><DataProperties><lineage><Process ToolSource="c:\program files (x86)\arcgis\desktop10.5\ArcToolbox\Toolboxes\Data Management Tools.tbx\CalculateField" Date="20190307" Time="123427">CalculateField BicycleNetwork YearComplete 1995 VB #</Process><Process ToolSource="c:\program files (x86)\arcgis\desktop10.5\ArcToolbox\Toolboxes\Data Management Tools.tbx\CalculateField" Date="20190307" Time="123502">CalculateField BicycleNetwork YearComplete 2003 VB #</Process><Process ToolSource="c:\program files (x86)\arcgis\desktop10.5\ArcToolbox\Toolboxes\Data Management Tools.tbx\CalculateField" Date="20190307" Time="123512">CalculateField BicycleNetwork YearComplete 2004 VB #</Process><Process ToolSource="c:\program files (x86)\arcgis\desktop10.5\ArcToolbox\Toolboxes\Data Management Tools.tbx\CalculateField" Date="20190307" Time="123524">CalculateField BicycleNetwork YearComplete 2005 VB #</Process><Process ToolSource="c:\program files (x86)\arcgis\desktop10.5\ArcToolbox\Toolboxes\Data Management Tools.tbx\CalculateField" Date="20190307" Time="123536">CalculateField BicycleNetwork YearComplete 2006 VB #</Process><Process ToolSource="c:\program files (x86)\arcgis\desktop10.5\ArcToolbox\Toolboxes\Data Management Tools.tbx\CalculateField" Date="20190307" Time="123546">CalculateField BicycleNetwork YearComplete 2007 VB #</Process><Process ToolSource="c:\program files (x86)\arcgis\desktop10.5\ArcToolbox\Toolboxes\Data Management Tools.tbx\CalculateField" Date="20190307" Time="123558">CalculateField BicycleNetwork YearComplete 2008 VB #</Process><Process ToolSource="c:\program files (x86)\arcgis\desktop10.5\ArcToolbox\Toolboxes\Data Management Tools.tbx\CalculateField" Date="20190307" Time="123614">CalculateField BicycleNetwork YearComplete 2009 VB #</Process><Process ToolSource="c:\program files (x86)\arcgis\desktop10.5\ArcToolbox\Toolboxes\Data Management Tools.tbx\CalculateField" Date="20190307" Time="123631">CalculateField BicycleNetwork YearComplete 2010 VB #</Process><Process ToolSource="c:\program files (x86)\arcgis\desktop10.5\ArcToolbox\Toolboxes\Data Management Tools.tbx\CalculateField" Date="20190307" Time="123647">CalculateField BicycleNetwork YearComplete 2011 VB #</Process><Process ToolSource="c:\program files (x86)\arcgis\desktop10.5\ArcToolbox\Toolboxes\Data Management Tools.tbx\CalculateField" Date="20190307" Time="123659">CalculateField BicycleNetwork YearComplete 2012 VB #</Process><Process ToolSource="c:\program files (x86)\arcgis\desktop10.5\ArcToolbox\Toolboxes\Data Management Tools.tbx\CalculateField" Date="20190307" Time="123711">CalculateField BicycleNetwork YearComplete 2013 VB #</Process><Process ToolSource="c:\program files (x86)\arcgis\desktop10.5\ArcToolbox\Toolboxes\Data Management Tools.tbx\CalculateField" Date="20190307" Time="123723">CalculateField BicycleNetwork YearComplete 2014 VB #</Process><Process ToolSource="c:\program files (x86)\arcgis\desktop10.5\ArcToolbox\Toolboxes\Data Management Tools.tbx\CalculateField" Date="20190307" Time="123734">CalculateField BicycleNetwork YearComplete 2015 VB #</Process><Process ToolSource="c:\program files (x86)\arcgis\desktop10.5\ArcToolbox\Toolboxes\Data Management Tools.tbx\CalculateField" Date="20190307" Time="123749">CalculateField BicycleNetwork YearComplete 2016 VB #</Process><Process ToolSource="c:\program files (x86)\arcgis\desktop10.5\ArcToolbox\Toolboxes\Data Management Tools.tbx\CalculateField" Date="20190307" Time="123802">CalculateField BicycleNetwork YearComplete 2017 VB #</Process><Process ToolSource="c:\program files (x86)\arcgis\desktop10.5\ArcToolbox\Toolboxes\Data Management Tools.tbx\CalculateField" Date="20190307" Time="123816">CalculateField BicycleNetwork YearComplete 2018 VB #</Process><Process ToolSource="c:\program files (x86)\arcgis\desktop10.5\ArcToolbox\Toolboxes\Data Management Tools.tbx\CalculateField" Date="20190307" Time="123834">CalculateField BicycleNetwork Notes_Temp "" VB #</Process><Process ToolSource="c:\program files (x86)\arcgis\desktop10.5\ArcToolbox\Toolboxes\Data Management Tools.tbx\CalculateField" Date="20190307" Time="123849">CalculateField BicycleNetwork Notes_Temp "" VB #</Process><Process ToolSource="c:\program files (x86)\arcgis\desktop10.5\ArcToolbox\Toolboxes\Data Management Tools.tbx\CalculateField" Date="20190307" Time="124052">CalculateField BicycleNetwork ID NULL VB #</Process><Process ToolSource="c:\program files (x86)\arcgis\desktop10.5\ArcToolbox\Toolboxes\Data Management Tools.tbx\CalculateField" Date="20190307" Time="124512">CalculateField BicycleNetwork Status "Existing" VB #</Process><Process ToolSource="c:\program files (x86)\arcgis\desktop10.5\ArcToolbox\Toolboxes\Data Management Tools.tbx\CalculateField" Date="20190307" Time="124545">CalculateField BicycleNetwork Status "Funded" VB #</Process><Process ToolSource="c:\program files (x86)\arcgis\desktop10.5\ArcToolbox\Toolboxes\Data Management Tools.tbx\CalculateField" Date="20190307" Time="124810">CalculateField BicycleNetwork Name_Network NULL VB #</Process><Process ToolSource="c:\program files (x86)\arcgis\desktop10.5\ArcToolbox\Toolboxes\Data Management Tools.tbx\CalculateField" Date="20190307" Time="124957">CalculateField BicycleNetwork Notes_Temp NULL VB #</Process><Process ToolSource="c:\program files (x86)\arcgis\desktop10.5\ArcToolbox\Toolboxes\Conversion Tools.tbx\FeatureClassToFeatureClass" Date="20190319" Time="091810">FeatureClassToFeatureClass "Z:\1Planning Staff folders\L Weaver\Projects\Bicycle\working\BicycleProject.gdb\Data\BicycleNetwork" "Database Connections\GIS_master.sde\GIS_master.DBO.Planning" BicycleNetwork # "ID "ID" true true false 25 Text 0 0 ,First,#,Z:\1Planning Staff folders\L Weaver\Projects\Bicycle\working\BicycleProject.gdb\Data\BicycleNetwork,ID,-1,-1;Name_Network "Name_Network" true true false 50 Text 0 0 ,First,#,Z:\1Planning Staff folders\L Weaver\Projects\Bicycle\working\BicycleProject.gdb\Data\BicycleNetwork,Name_Network,-1,-1;Name_Facility "Name_Facility" true true false 50 Text 0 0 ,First,#,Z:\1Planning Staff folders\L Weaver\Projects\Bicycle\working\BicycleProject.gdb\Data\BicycleNetwork,Name_Facility,-1,-1;Type_RdClass "Type_RdClass" true true false 8 Double 0 0 ,First,#,Z:\1Planning Staff folders\L Weaver\Projects\Bicycle\working\BicycleProject.gdb\Data\BicycleNetwork,Type_RdClass,-1,-1;Type_NetClass "Type_NetClass" true true false 25 Text 0 0 ,First,#,Z:\1Planning Staff folders\L Weaver\Projects\Bicycle\working\BicycleProject.gdb\Data\BicycleNetwork,Type_NetClass,-1,-1;Type_Road "Type_Road" true true false 25 Text 0 0 ,First,#,Z:\1Planning Staff folders\L Weaver\Projects\Bicycle\working\BicycleProject.gdb\Data\BicycleNetwork,Type_Road,-1,-1;Type_Facility "Type_Facility" true true false 25 Text 0 0 ,First,#,Z:\1Planning Staff folders\L Weaver\Projects\Bicycle\working\BicycleProject.gdb\Data\BicycleNetwork,Type_Facility,-1,-1;AltType_Facility "AltType_Facility" true true false 25 Text 0 0 ,First,#,Z:\1Planning Staff folders\L Weaver\Projects\Bicycle\working\BicycleProject.gdb\Data\BicycleNetwork,AltType_Facility,-1,-1;From_ "From" true true false 50 Text 0 0 ,First,#,Z:\1Planning Staff folders\L Weaver\Projects\Bicycle\working\BicycleProject.gdb\Data\BicycleNetwork,From_,-1,-1;To_ "To_" true true false 50 Text 0 0 ,First,#,Z:\1Planning Staff folders\L Weaver\Projects\Bicycle\working\BicycleProject.gdb\Data\BicycleNetwork,To_,-1,-1;Length_Miles "Length_Miles" true true false 8 Double 0 0 ,First,#,Z:\1Planning Staff folders\L Weaver\Projects\Bicycle\working\BicycleProject.gdb\Data\BicycleNetwork,Length_Miles,-1,-1;Status "Status" true true false 50 Text 0 0 ,First,#,Z:\1Planning Staff folders\L Weaver\Projects\Bicycle\working\BicycleProject.gdb\Data\BicycleNetwork,Status,-1,-1;Status_Notes "Status_Notes" true true false 255 Text 0 0 ,First,#,Z:\1Planning Staff folders\L Weaver\Projects\Bicycle\working\BicycleProject.gdb\Data\BicycleNetwork,Status_Notes,-1,-1;YearComplete "YearComplete" true true false 2 Short 0 0 ,First,#,Z:\1Planning Staff folders\L Weaver\Projects\Bicycle\working\BicycleProject.gdb\Data\BicycleNetwork,YearComplete,-1,-1;ProjectCost "ProjectCost" true true false 4 Long 0 0 ,First,#,Z:\1Planning Staff folders\L Weaver\Projects\Bicycle\working\BicycleProject.gdb\Data\BicycleNetwork,ProjectCost,-1,-1;FundSource "FundSource" true true false 100 Text 0 0 ,First,#,Z:\1Planning Staff folders\L Weaver\Projects\Bicycle\working\BicycleProject.gdb\Data\BicycleNetwork,FundSource,-1,-1;Maintenance "Maintenance" true true false 100 Text 0 0 ,First,#,Z:\1Planning Staff folders\L Weaver\Projects\Bicycle\working\BicycleProject.gdb\Data\BicycleNetwork,Maintenance,-1,-1;Greenway "Greenway" true true false 100 Text 0 0 ,First,#,Z:\1Planning Staff folders\L Weaver\Projects\Bicycle\working\BicycleProject.gdb\Data\BicycleNetwork,Greenway,-1,-1;Notes "Notes" true true false 255 Text 0 0 ,First,#,Z:\1Planning Staff folders\L Weaver\Projects\Bicycle\working\BicycleProject.gdb\Data\BicycleNetwork,Notes,-1,-1;Notes_Temp "Notes_Temp" true true false 255 Text 0 0 ,First,#,Z:\1Planning Staff folders\L Weaver\Projects\Bicycle\working\BicycleProject.gdb\Data\BicycleNetwork,Notes_Temp,-1,-1;SHAPE_Length "SHAPE_Length" false true true 8 Double 0 0 ,First,#,Z:\1Planning Staff folders\L Weaver\Projects\Bicycle\working\BicycleProject.gdb\Data\BicycleNetwork,SHAPE_Length,-1,-1" #</Process><Process ToolSource="c:\program files (x86)\arcgis\desktop10.5\ArcToolbox\Toolboxes\Conversion Tools.tbx\FeatureClassToFeatureClass" Date="20190329" Time="094958">FeatureClassToFeatureClass "Database Connections\GIS_master.sde\GIS_master.DBO.Planning\GIS_master.DBO.BicycleNetwork" "G:\1_Transportation Planning\1_Bike&amp;Ped\GIS\For GIS Enterprise Data\EnterpriseEditing.gdb\Bicycle" BicycleNetwork_EditingDuplicate # "ID "ID" true true false 25 Text 0 0 ,First,#,Database Connections\GIS_master.sde\GIS_master.DBO.Planning\GIS_master.DBO.BicycleNetwork,ID,-1,-1;Name_Network "Name_Network" true true false 50 Text 0 0 ,First,#,Database Connections\GIS_master.sde\GIS_master.DBO.Planning\GIS_master.DBO.BicycleNetwork,Name_Network,-1,-1;Name_Facility "Name_Facility" true true false 50 Text 0 0 ,First,#,Database Connections\GIS_master.sde\GIS_master.DBO.Planning\GIS_master.DBO.BicycleNetwork,Name_Facility,-1,-1;Type_RdClass "Type_RdClass" true true false 8 Double 8 38 ,First,#,Database Connections\GIS_master.sde\GIS_master.DBO.Planning\GIS_master.DBO.BicycleNetwork,Type_RdClass,-1,-1;Type_NetClass "Type_NetClass" true true false 25 Text 0 0 ,First,#,Database Connections\GIS_master.sde\GIS_master.DBO.Planning\GIS_master.DBO.BicycleNetwork,Type_NetClass,-1,-1;Type_Road "Type_Road" true true false 25 Text 0 0 ,First,#,Database Connections\GIS_master.sde\GIS_master.DBO.Planning\GIS_master.DBO.BicycleNetwork,Type_Road,-1,-1;Type_Facility "Type_Facility" true true false 25 Text 0 0 ,First,#,Database Connections\GIS_master.sde\GIS_master.DBO.Planning\GIS_master.DBO.BicycleNetwork,Type_Facility,-1,-1;AltType_Facility "AltType_Facility" true true false 25 Text 0 0 ,First,#,Database Connections\GIS_master.sde\GIS_master.DBO.Planning\GIS_master.DBO.BicycleNetwork,AltType_Facility,-1,-1;From_ "From" true true false 50 Text 0 0 ,First,#,Database Connections\GIS_master.sde\GIS_master.DBO.Planning\GIS_master.DBO.BicycleNetwork,From_,-1,-1;To_ "To_" true true false 50 Text 0 0 ,First,#,Database Connections\GIS_master.sde\GIS_master.DBO.Planning\GIS_master.DBO.BicycleNetwork,To_,-1,-1;Length_Miles "Length_Miles" true true false 8 Double 8 38 ,First,#,Database Connections\GIS_master.sde\GIS_master.DBO.Planning\GIS_master.DBO.BicycleNetwork,Length_Miles,-1,-1;Status "Status" true true false 50 Text 0 0 ,First,#,Database Connections\GIS_master.sde\GIS_master.DBO.Planning\GIS_master.DBO.BicycleNetwork,Status,-1,-1;Status_Notes "Status_Notes" true true false 255 Text 0 0 ,First,#,Database Connections\GIS_master.sde\GIS_master.DBO.Planning\GIS_master.DBO.BicycleNetwork,Status_Notes,-1,-1;YearComplete "YearComplete" true true false 2 Short 0 5 ,First,#,Database Connections\GIS_master.sde\GIS_master.DBO.Planning\GIS_master.DBO.BicycleNetwork,YearComplete,-1,-1;ProjectCost "ProjectCost" true true false 4 Long 0 10 ,First,#,Database Connections\GIS_master.sde\GIS_master.DBO.Planning\GIS_master.DBO.BicycleNetwork,ProjectCost,-1,-1;FundSource "FundSource" true true false 100 Text 0 0 ,First,#,Database Connections\GIS_master.sde\GIS_master.DBO.Planning\GIS_master.DBO.BicycleNetwork,FundSource,-1,-1;Maintenance "Maintenance" true true false 100 Text 0 0 ,First,#,Database Connections\GIS_master.sde\GIS_master.DBO.Planning\GIS_master.DBO.BicycleNetwork,Maintenance,-1,-1;Greenway "Greenway" true true false 100 Text 0 0 ,First,#,Database Connections\GIS_master.sde\GIS_master.DBO.Planning\GIS_master.DBO.BicycleNetwork,Greenway,-1,-1;Notes "Notes" true true false 255 Text 0 0 ,First,#,Database Connections\GIS_master.sde\GIS_master.DBO.Planning\GIS_master.DBO.BicycleNetwork,Notes,-1,-1;Notes_Temp "Notes_Temp" true true false 255 Text 0 0 ,First,#,Database Connections\GIS_master.sde\GIS_master.DBO.Planning\GIS_master.DBO.BicycleNetwork,Notes_Temp,-1,-1;Shape_STLength() "Shape_STLength()" false false true 0 Double 0 0 ,First,#,Database Connections\GIS_master.sde\GIS_master.DBO.Planning\GIS_master.DBO.BicycleNetwork,Shape.STLength(),-1,-1" #</Process><Process ToolSource="c:\program files (x86)\arcgis\desktop10.5\ArcToolbox\Toolboxes\Data Management Tools.tbx\CalculateField" Date="20190509" Time="150801">CalculateField BicycleNetwork_EditingDuplicate Length_Miles "[Shape_Length] /5280" VB #</Process><Process ToolSource="c:\program files (x86)\arcgis\desktop10.5\ArcToolbox\Toolboxes\Data Management Tools.tbx\CalculateField" Date="20200617" Time="111546">CalculateField BicycleNetwork_EditingDuplicate Length_Miles [Length_Miles] VB #</Process><Process ToolSource="c:\program files (x86)\arcgis\desktop10.8\ArcToolbox\Toolboxes\Data Management Tools.tbx\CalculateField" Date="20210928" Time="111014">CalculateField BicycleNetwork_EditingDuplicate_SchemaDEV Type_Facility "Shared Use Path" VB #</Process></lineage><itemProps><itemName Sync="TRUE">BicycleNetwork_EditingDuplicate</itemName><imsContentType Sync="TRUE">002</imsContentType><itemLocation><linkage Sync="TRUE">file://\\GCFILESTORE2\plandata\1_Transportation Planning\1_Bike&amp;Ped\GIS\For GIS Enterprise Data\EnterpriseEditing.gdb</linkage><protocol Sync="TRUE">Local Area Network</protocol></itemLocation></itemProps><coordRef><type Sync="TRUE">Projected</type><geogcsn Sync="TRUE">GCS_North_American_1983</geogcsn><csUnits Sync="TRUE">Linear Unit: Foot_US (0.304801)</csUnits><projcsn Sync="TRUE">NAD_1983_StatePlane_Kentucky_North_FIPS_1601_Feet</projcsn><peXml Sync="TRUE">&lt;ProjectedCoordinateSystem xsi:type='typens:ProjectedCoordinateSystem' xmlns:xsi='http://www.w3.org/2001/XMLSchema-instance' xmlns:xs='http://www.w3.org/2001/XMLSchema' xmlns:typens='http://www.esri.com/schemas/ArcGIS/10.5'&gt;&lt;WKT&gt;PROJCS[&amp;quot;NAD_1983_StatePlane_Kentucky_North_FIPS_1601_Feet&amp;quot;,GEOGCS[&amp;quot;GCS_North_American_1983&amp;quot;,DATUM[&amp;quot;D_North_American_1983&amp;quot;,SPHEROID[&amp;quot;GRS_1980&amp;quot;,6378137.0,298.257222101]],PRIMEM[&amp;quot;Greenwich&amp;quot;,0.0],UNIT[&amp;quot;Degree&amp;quot;,0.0174532925199433]],PROJECTION[&amp;quot;Lambert_Conformal_Conic&amp;quot;],PARAMETER[&amp;quot;False_Easting&amp;quot;,1640416.666666667],PARAMETER[&amp;quot;False_Northing&amp;quot;,0.0],PARAMETER[&amp;quot;Central_Meridian&amp;quot;,-84.25],PARAMETER[&amp;quot;Standard_Parallel_1&amp;quot;,37.96666666666667],PARAMETER[&amp;quot;Standard_Parallel_2&amp;quot;,38.96666666666667],PARAMETER[&amp;quot;Latitude_Of_Origin&amp;quot;,37.5],UNIT[&amp;quot;Foot_US&amp;quot;,0.3048006096012192],AUTHORITY[&amp;quot;EPSG&amp;quot;,2246]]&lt;/WKT&gt;&lt;XOrigin&gt;-120428400&lt;/XOrigin&gt;&lt;YOrigin&gt;-95345400&lt;/YOrigin&gt;&lt;XYScale&gt;3048.0060960121928&lt;/XYScale&gt;&lt;ZOrigin&gt;-100000&lt;/ZOrigin&gt;&lt;ZScale&gt;10000&lt;/ZScale&gt;&lt;MOrigin&gt;-100000&lt;/MOrigin&gt;&lt;MScale&gt;10000&lt;/MScale&gt;&lt;XYTolerance&gt;0.0032808333333333331&lt;/XYTolerance&gt;&lt;ZTolerance&gt;0.001&lt;/ZTolerance&gt;&lt;MTolerance&gt;0.001&lt;/MTolerance&gt;&lt;HighPrecision&gt;true&lt;/HighPrecision&gt;&lt;WKID&gt;102679&lt;/WKID&gt;&lt;LatestWKID&gt;2246&lt;/LatestWKID&gt;&lt;/ProjectedCoordinateSystem&gt;</peXml></coordRef></DataProperties><SyncDate>20190329</SyncDate><SyncTime>09495300</SyncTime><ModDate>20190329</ModDate><ModTime>09495300</ModTime></Esri><dataIdInfo><envirDesc Sync="TRUE"> Version 6.2 (Build 9200) ; Esri ArcGIS 10.5.1.7333</envirDesc><dataLang><languageCode value="eng" Sync="TRUE"/><countryCode value="USA" Sync="TRUE"/></dataLang><idCitation><resTitle Sync="TRUE">BicycleNetwork_EditingDuplicate</resTitle><presForm><PresFormCd value="005" Sync="TRUE"/></presForm></idCitation><spatRpType><SpatRepTypCd value="001" Sync="TRUE"/></spatRpType></dataIdInfo><mdLang><languageCode value="eng" Sync="TRUE"/><countryCode value="USA" Sync="TRUE"/></mdLang><distInfo><distFormat><formatName Sync="TRUE">File Geodatabase Feature Class</formatName></distFormat></distInfo><mdHrLv><ScopeCd value="005" Sync="TRUE"/></mdHrLv><mdHrLvName Sync="TRUE">dataset</mdHrLvName><refSysInfo><RefSystem><refSysID><identCode code="2246" Sync="TRUE"/><idCodeSpace Sync="TRUE">EPSG</idCodeSpace><idVersion Sync="TRUE">5.3(9.0.0)</idVersion></refSysID></RefSystem></refSysInfo><spatRepInfo><VectSpatRep><geometObjs Name="BicycleNetwork_EditingDuplicate"><geoObjTyp><GeoObjTypCd value="002" Sync="TRUE"></GeoObjTypCd></geoObjTyp><geoObjCnt Sync="TRUE">0</geoObjCnt></geometObjs><topLvl><TopoLevCd value="001" Sync="TRUE"></TopoLevCd></topLvl></VectSpatRep></spatRepInfo><spdoinfo><ptvctinf><esriterm Name="BicycleNetwork_EditingDuplicate"><efeatyp Sync="TRUE">Simple</efeatyp><efeageom code="3" Sync="TRUE"></efeageom><esritopo Sync="TRUE">FALSE</esritopo><efeacnt Sync="TRUE">0</efeacnt><spindex Sync="TRUE">TRUE</spindex><linrefer Sync="TRUE">FALSE</linrefer></esriterm></ptvctinf></spdoinfo><eainfo><detailed Name="BicycleNetwork_EditingDuplicate"><enttyp><enttypl Sync="TRUE">BicycleNetwork_EditingDuplicate</enttypl><enttypt Sync="TRUE">Feature Class</enttypt><enttypc Sync="TRUE">0</enttypc></enttyp><attr><attrlabl Sync="TRUE">OBJECTID</attrlabl><attalias Sync="TRUE">OBJECTID</attalias><attrtype Sync="TRUE">OID</attrtype><attwidth Sync="TRUE">4</attwidth><atprecis Sync="TRUE">0</atprecis><attscale Sync="TRUE">0</attscale><attrdef Sync="TRUE">Internal feature number.</attrdef><attrdefs Sync="TRUE">Esri</attrdefs><attrdomv><udom Sync="TRUE">Sequential unique whole numbers that are automatically generated.</udom></attrdomv></attr><attr><attrlabl Sync="TRUE">ID</attrlabl><attalias Sync="TRUE">ID</attalias><attrtype Sync="TRUE">String</attrtype><attwidth Sync="TRUE">25</attwidth><atprecis Sync="TRUE">0</atprecis><attscale Sync="TRUE">0</attscale></attr><attr><attrlabl Sync="TRUE">Name_Network</attrlabl><attalias Sync="TRUE">Name_Network</attalias><attrtype Sync="TRUE">String</attrtype><attwidth Sync="TRUE">50</attwidth><atprecis Sync="TRUE">0</atprecis><attscale Sync="TRUE">0</attscale></attr><attr><attrlabl Sync="TRUE">Name_Facility</attrlabl><attalias Sync="TRUE">Name_Facility</attalias><attrtype Sync="TRUE">String</attrtype><attwidth Sync="TRUE">50</attwidth><atprecis Sync="TRUE">0</atprecis><attscale Sync="TRUE">0</attscale></attr><attr><attrlabl Sync="TRUE">Type_RdClass</attrlabl><attalias Sync="TRUE">Type_RdClass</attalias><attrtype Sync="TRUE">Double</attrtype><attwidth Sync="TRUE">8</attwidth><atprecis Sync="TRUE">0</atprecis><attscale Sync="TRUE">0</attscale></attr><attr><attrlabl Sync="TRUE">Type_NetClass</attrlabl><attalias Sync="TRUE">Type_NetClass</attalias><attrtype Sync="TRUE">String</attrtype><attwidth Sync="TRUE">25</attwidth><atprecis Sync="TRUE">0</atprecis><attscale Sync="TRUE">0</attscale></attr><attr><attrlabl Sync="TRUE">Type_Road</attrlabl><attalias Sync="TRUE">Type_Road</attalias><attrtype Sync="TRUE">String</attrtype><attwidth Sync="TRUE">25</attwidth><atprecis Sync="TRUE">0</atprecis><attscale Sync="TRUE">0</attscale></attr><attr><attrlabl Sync="TRUE">Type_Facility</attrlabl><attalias Sync="TRUE">Type_Facility</attalias><attrtype Sync="TRUE">String</attrtype><attwidth Sync="TRUE">25</attwidth><atprecis Sync="TRUE">0</atprecis><attscale Sync="TRUE">0</attscale></attr><attr><attrlabl Sync="TRUE">AltType_Facility</attrlabl><attalias Sync="TRUE">AltType_Facility</attalias><attrtype Sync="TRUE">String</attrtype><attwidth Sync="TRUE">25</attwidth><atprecis Sync="TRUE">0</atprecis><attscale Sync="TRUE">0</attscale></attr><attr><attrlabl Sync="TRUE">From_</attrlabl><attalias Sync="TRUE">From</attalias><attrtype Sync="TRUE">String</attrtype><attwidth Sync="TRUE">50</attwidth><atprecis Sync="TRUE">0</atprecis><attscale Sync="TRUE">0</attscale></attr><attr><attrlabl Sync="TRUE">To_</attrlabl><attalias Sync="TRUE">To_</attalias><attrtype Sync="TRUE">String</attrtype><attwidth Sync="TRUE">50</attwidth><atprecis Sync="TRUE">0</atprecis><attscale Sync="TRUE">0</attscale></attr><attr><attrlabl Sync="TRUE">Length_Miles</attrlabl><attalias Sync="TRUE">Length_Miles</attalias><attrtype Sync="TRUE">Double</attrtype><attwidth Sync="TRUE">8</attwidth><atprecis Sync="TRUE">0</atprecis><attscale Sync="TRUE">0</attscale></attr><attr><attrlabl Sync="TRUE">Status</attrlabl><attalias Sync="TRUE">Status</attalias><attrtype Sync="TRUE">String</attrtype><attwidth Sync="TRUE">50</attwidth><atprecis Sync="TRUE">0</atprecis><attscale Sync="TRUE">0</attscale></attr><attr><attrlabl Sync="TRUE">Status_Notes</attrlabl><attalias Sync="TRUE">Status_Notes</attalias><attrtype Sync="TRUE">String</attrtype><attwidth Sync="TRUE">255</attwidth><atprecis Sync="TRUE">0</atprecis><attscale Sync="TRUE">0</attscale></attr><attr><attrlabl Sync="TRUE">YearComplete</attrlabl><attalias Sync="TRUE">YearComplete</attalias><attrtype Sync="TRUE">SmallInteger</attrtype><attwidth Sync="TRUE">2</attwidth><atprecis Sync="TRUE">0</atprecis><attscale Sync="TRUE">0</attscale></attr><attr><attrlabl Sync="TRUE">ProjectCost</attrlabl><attalias Sync="TRUE">ProjectCost</attalias><attrtype Sync="TRUE">Integer</attrtype><attwidth Sync="TRUE">4</attwidth><atprecis Sync="TRUE">0</atprecis><attscale Sync="TRUE">0</attscale></attr><attr><attrlabl Sync="TRUE">FundSource</attrlabl><attalias Sync="TRUE">FundSource</attalias><attrtype Sync="TRUE">String</attrtype><attwidth Sync="TRUE">100</attwidth><atprecis Sync="TRUE">0</atprecis><attscale Sync="TRUE">0</attscale></attr><attr><attrlabl Sync="TRUE">Maintenance</attrlabl><attalias Sync="TRUE">Maintenance</attalias><attrtype Sync="TRUE">String</attrtype><attwidth Sync="TRUE">100</attwidth><atprecis Sync="TRUE">0</atprecis><attscale Sync="TRUE">0</attscale></attr><attr><attrlabl Sync="TRUE">Greenway</attrlabl><attalias Sync="TRUE">Greenway</attalias><attrtype Sync="TRUE">String</attrtype><attwidth Sync="TRUE">100</attwidth><atprecis Sync="TRUE">0</atprecis><attscale Sync="TRUE">0</attscale></attr><attr><attrlabl Sync="TRUE">Notes</attrlabl><attalias Sync="TRUE">Notes</attalias><attrtype Sync="TRUE">String</attrtype><attwidth Sync="TRUE">255</attwidth><atprecis Sync="TRUE">0</atprecis><attscale Sync="TRUE">0</attscale></attr><attr><attrlabl Sync="TRUE">Notes_Temp</attrlabl><attalias Sync="TRUE">Notes_Temp</attalias><attrtype Sync="TRUE">String</attrtype><attwidth Sync="TRUE">255</attwidth><atprecis Sync="TRUE">0</atprecis><attscale Sync="TRUE">0</attscale></attr><attr><attrlabl Sync="TRUE">Shape</attrlabl><attalias Sync="TRUE">Shape</attalias><attrtype Sync="TRUE">Geometry</attrtype><attwidth Sync="TRUE">0</attwidth><atprecis Sync="TRUE">0</atprecis><attscale Sync="TRUE">0</attscale><attrdef Sync="TRUE">Feature geometry.</attrdef><attrdefs Sync="TRUE">Esri</attrdefs><attrdomv><udom Sync="TRUE">Coordinates defining the features.</udom></attrdomv></attr><attr><attrlabl Sync="TRUE">Shape_Length</attrlabl><attalias Sync="TRUE">Shape_Length</attalias><attrtype Sync="TRUE">Double</attrtype><attwidth Sync="TRUE">8</attwidth><atprecis Sync="TRUE">0</atprecis><attscale Sync="TRUE">0</attscale><attrdef Sync="TRUE">Length of feature in internal units.</attrdef><attrdefs Sync="TRUE">Esri</attrdefs><attrdomv><udom Sync="TRUE">Positive real numbers that are automatically generated.</udom></attrdomv></attr></detailed></eainfo><mdDateSt Sync="TRUE">20190329</mdDateSt></metadata>
